,N3,N4,N5,N6,N7,N8,N14,N15,N16,N17,N27,N28,N29,N31,N32,N33,N34,N35,N36,N37,N38,N39,N40,N42,N43,N44,N45,N46,N47,N48,N49,N50,N51,N53,N54,N55,N56,N57,N58,N59,N60,N64,N65,N66,N67,N68,N69,N70,N71,N72,N73,N75,N76,N77,N78,N94,N106,T3,T4,T5,T6,T7,T8,T14,T15,T16,T17,T27,T28,T29,T31,T32,T33,T34,T35,T36,T37,T38,T39,T40,T42,T43,T44,T45,T46,T47,T48,T49,T50,T51,T53,T54,T55,T56,T57,T58,T59,T60,T64,T65,T66,T67,T68,T69,T70,T71,T72,T73,T75,T76,T77,T78,T94,T106,N107,N108,N109,N110,N118,N119,N120,N121,N122,N127,N128,N129,N130,N131,N132,N133,N134,N135,N136,N139,N150,N161,N171,N172,N173,N174,N183,N191,N192,N193,N194,N195,N196,N197,N198,N199,N200,N201,N202,N203,N204,N205,N206,N208,N209,N210,N211,N212,N213,N214,N215,T107,T108,T109,T110,T118,T119,T120,T121,T122,T127,T128,T129,T130,T131,T132,T133,T134,T135,T136,T139,T150,T161,T171,T172,T173,T174,T183,T191,T192,T193,T194,T195,T196,T197,T198,T199,T200,T201,T202,T203,T204,T205,T206,T208,T209,T210,T211,T212,T213,T214,T215
days_to_birth,-28841.0,-24436.0,-29887.0,-19216.0,-22862.0,-27676.0,-24241.0,-20903.0,-23510.0,-15418.0,-23854.0,-27298.0,-25313.0,-24014.0,-20349.0,-18856.0,-27073.0,-28392.0,-22471.0,-22745.0,-23378.0,-24631.0,-22138.0,-22150.0,-31234.0,-21725.0,-16634.0,-25502.0,-25839.0,-29807.0,-23484.0,-30133.0,-24849.0,-17238.0,-27733.0,-27454.0,-26377.0,-31610.0,-21238.0,-31236.0,-27197.0,-22344.0,-24773.0,-21734.0,-26625.0,,,-21780.0,,-19497.0,,,,-21381.0,,-16746.0,-25870.0,-28841.0,-24436.0,-29887.0,-19216.0,-22862.0,-27676.0,-24241.0,-20903.0,-23510.0,-15418.0,-23854.0,-27298.0,-25313.0,-24014.0,-20349.0,-18856.0,-27073.0,-28392.0,-22471.0,-22745.0,-23378.0,-24631.0,-22138.0,-22150.0,-31234.0,-21725.0,-16634.0,-25502.0,-25839.0,-29807.0,-23484.0,-30133.0,-24849.0,-17238.0,-27733.0,-27454.0,-26377.0,-31610.0,-21238.0,-31236.0,-27197.0,-22344.0,-24773.0,-21734.0,-26625.0,,,-21780.0,,-19497.0,,,,-21381.0,,-16746.0,-25870.0,-28385.0,-27145.0,-23511.0,-20534.0,-16447.0,-23062.0,-26033.0,-25677.0,-22913.0,-21790.0,-29844.0,-19310.0,-25652.0,-25820.0,-25378.0,-31052.0,-28036.0,-25042.0,-27734.0,-27749.0,-24482.0,-28978.0,-26899.0,-26419.0,-24054.0,-20261.0,-29657.0,-22097.0,-22632.0,-30740.0,-27109.0,-30678.0,-26699.0,-24441.0,-21344.0,-29440.0,-20696.0,-27211.0,-24382.0,-26231.0,-27455.0,-23618.0,-25453.0,-24594.0,-21796.0,-22863.0,-24065.0,-23480.0,-25102.0,-24948.0,-21790.0,-28385.0,-27145.0,-23511.0,-20534.0,-16447.0,-23062.0,-26033.0,-25677.0,-22913.0,-21790.0,-29844.0,-19310.0,-25652.0,-25820.0,-25378.0,-31052.0,-28036.0,-25042.0,-27734.0,-27749.0,-24482.0,-28978.0,-26899.0,-26419.0,-24054.0,-20261.0,-29657.0,-22097.0,-22632.0,-30740.0,-27109.0,-30678.0,-26699.0,-24441.0,-21344.0,-29440.0,-20696.0,-27211.0,-24382.0,-26231.0,-27455.0,-23618.0,-25453.0,-24594.0,-21796.0,-22863.0,-24065.0,-23480.0,-25102.0,-24948.0,-21790.0
days_to_death,1258.0,,,,,,,,1147.0,1357.0,,,,,,761.0,,,,,,,,,987.0,,385.0,905.0,488.0,,,,,282.0,434.0,1235.0,2393.0,653.0,257.0,460.0,189.0,1293.0,464.0,,1632.0,118.0,176.0,237.0,,1379.0,995.0,,760.0,,,281.0,,1258.0,,,,,,,,1147.0,1357.0,,,,,,761.0,,,,,,,,,987.0,,385.0,905.0,488.0,,,,,282.0,434.0,1235.0,2393.0,653.0,257.0,460.0,189.0,1293.0,464.0,,1632.0,118.0,176.0,237.0,,1379.0,995.0,,760.0,,,281.0,,1067.0,1713.0,,,,1656.0,601.0,34.0,,519.0,291.0,1190.0,,,,166.0,116.0,,2378.0,,1975.0,24.0,12.0,2409.0,12.0,,357.0,562.0,951.0,,573.0,,198.0,3.0,,,,397.0,,692.0,1.0,1912.0,,340.0,,2133.0,3253.0,5.0,198.0,2639.0,,1067.0,1713.0,,,,1656.0,601.0,34.0,,519.0,291.0,1190.0,,,,166.0,116.0,,2378.0,,1975.0,24.0,12.0,2409.0,12.0,,357.0,562.0,951.0,,573.0,,198.0,3.0,,,,397.0,,692.0,1.0,1912.0,,340.0,,2133.0,3253.0,5.0,198.0,2639.0,
ethnicity,not hispanic or latino,not hispanic or latino,not hispanic or latino,not hispanic or latino,not hispanic or latino,not hispanic or latino,not hispanic or latino,not hispanic or latino,not hispanic or latino,not hispanic or latino,not hispanic or latino,not hispanic or latino,not hispanic or latino,not hispanic or latino,not hispanic or latino,not hispanic or latino,not hispanic or latino,not hispanic or latino,not hispanic or latino,not hispanic or latino,not hispanic or latino,not hispanic or latino,not hispanic or latino,not reported,not reported,not reported,not hispanic or latino,not hispanic or latino,not hispanic or latino,not reported,not reported,not reported,not hispanic or latino,not hispanic or latino,not hispanic or latino,not hispanic or latino,not hispanic or latino,not hispanic or latino,not hispanic or latino,not hispanic or latino,not hispanic or latino,not hispanic or latino,not reported,not reported,not hispanic or latino,not hispanic or latino,not hispanic or latino,not reported,not reported,not hispanic or latino,not reported,not hispanic or latino,not hispanic or latino,not reported,not reported,not hispanic or latino,not hispanic or latino,not hispanic or latino,not hispanic or latino,not hispanic or latino,not hispanic or latino,not hispanic or latino,not hispanic or latino,not hispanic or latino,not hispanic or latino,not hispanic or latino,not hispanic or latino,not hispanic or latino,not hispanic or latino,not hispanic or latino,not hispanic or latino,not hispanic or latino,not hispanic or latino,not hispanic or latino,not hispanic or latino,not hispanic or latino,not hispanic or latino,not hispanic or latino,not hispanic or latino,not hispanic or latino,not reported,not reported,not reported,not hispanic or latino,not hispanic or latino,not hispanic or latino,not reported,not reported,not reported,not hispanic or latino,not hispanic or latino,not hispanic or latino,not hispanic or latino,not hispanic or latino,not hispanic or latino,not hispanic or latino,not hispanic or latino,not hispanic or latino,not hispanic or latino,not reported,not reported,not hispanic or latino,not hispanic or latino,not hispanic or latino,not reported,not reported,not hispanic or latino,not reported,not hispanic or latino,not hispanic or latino,not reported,not reported,not hispanic or latino,not hispanic or latino,not reported,not reported,not hispanic or latino,not hispanic or latino,not hispanic or latino,not hispanic or latino,not reported,not hispanic or latino,not hispanic or latino,not hispanic or latino,not reported,not hispanic or latino,not hispanic or latino,not hispanic or latino,not hispanic or latino,not reported,not reported,not hispanic or latino,not reported,not reported,not hispanic or latino,not reported,not hispanic or latino,not reported,not hispanic or latino,not hispanic or latino,not reported,not hispanic or latino,not hispanic or latino,not hispanic or latino,not reported,not hispanic or latino,not hispanic or latino,not hispanic or latino,not hispanic or latino,not hispanic or latino,not hispanic or latino,not hispanic or latino,not hispanic or latino,not hispanic or latino,not reported,not reported,not hispanic or latino,not reported,not reported,not reported,not reported,not reported,not reported,not reported,not hispanic or latino,not reported,not reported,not hispanic or latino,not hispanic or latino,not hispanic or latino,not hispanic or latino,not reported,not hispanic or latino,not hispanic or latino,not hispanic or latino,not reported,not hispanic or latino,not hispanic or latino,not hispanic or latino,not hispanic or latino,not reported,not reported,not hispanic or latino,not reported,not reported,not hispanic or latino,not reported,not hispanic or latino,not reported,not hispanic or latino,not hispanic or latino,not reported,not hispanic or latino,not hispanic or latino,not hispanic or latino,not reported,not hispanic or latino,not hispanic or latino,not hispanic or latino,not hispanic or latino,not hispanic or latino,not hispanic or latino,not hispanic or latino,not hispanic or latino,not hispanic or latino,not reported,not reported,not hispanic or latino,not reported,not reported,not reported,not reported,not reported,not reported,not reported,not hispanic or latino
gender,male,male,female,female,female,female,female,female,female,male,female,female,female,male,female,male,female,female,female,female,male,female,male,female,female,male,female,female,male,female,female,male,female,male,female,male,male,female,male,male,female,male,female,female,male,male,male,female,male,female,female,male,female,female,female,male,male,male,male,female,female,female,female,female,female,female,male,female,female,female,male,female,male,female,female,female,female,male,female,male,female,female,male,female,female,male,female,female,male,female,male,female,male,male,female,male,male,female,male,female,female,male,male,male,female,male,female,female,male,female,female,female,male,male,male,male,male,male,female,female,male,male,female,male,male,male,male,male,female,male,male,female,female,male,male,male,female,female,male,male,male,male,male,male,male,male,male,female,female,female,male,male,male,male,male,male,male,male,female,female,male,male,male,male,female,male,male,male,male,female,female,male,male,female,male,male,male,male,male,female,male,male,female,female,male,male,male,female,female,male,male,male,male,male,male,male,male,male,female,female,female,male,male,male,male,male,male,male,male,female,female,male,male,male,male,female
race,white,white,white,white,white,black or african american,white,white,white,black or african american,white,white,white,white,white,white,white,white,black or african american,white,white,white,white,white,white,black or african american,white,white,white,white,white,white,white,white,white,white,white,white,white,white,white,white,white,white,white,white,white,white,white,white,white,white,white,white,white,white,white,white,white,white,white,white,black or african american,white,white,white,black or african american,white,white,white,white,white,white,white,white,black or african american,white,white,white,white,white,white,black or african american,white,white,white,white,white,white,white,white,white,white,white,white,white,white,white,white,white,white,white,white,white,white,white,white,white,white,white,white,white,white,white,white,white,white,white,white,white,white,white,white,white,white,black or african american,white,white,white,white,white,white,white,white,white,not reported,black or african american,white,black or african american,white,white,white,white,white,white,white,white,white,white,white,white,white,white,white,not reported,white,black or african american,not reported,white,white,white,white,not reported,not reported,white,white,white,white,white,white,white,white,white,white,white,white,black or african american,white,white,white,white,white,white,white,white,white,not reported,black or african american,white,black or african american,white,white,white,white,white,white,white,white,white,white,white,white,white,white,white,not reported,white,black or african american,not reported,white,white,white,white,not reported,not reported,white
vital_status,Dead,Alive,Alive,Alive,Alive,Alive,Alive,Alive,Dead,Dead,Alive,Alive,Alive,Alive,Alive,Dead,Alive,Alive,Alive,Alive,Alive,Alive,Alive,Alive,Dead,Alive,Dead,Dead,Dead,Alive,Alive,Alive,Alive,Dead,Dead,Dead,Dead,Dead,Dead,Dead,Dead,Dead,Dead,Alive,Dead,Dead,Dead,Dead,Alive,Dead,Dead,Alive,Dead,Alive,Alive,Dead,Alive,Dead,Alive,Alive,Alive,Alive,Alive,Alive,Alive,Dead,Dead,Alive,Alive,Alive,Alive,Alive,Dead,Alive,Alive,Alive,Alive,Alive,Alive,Alive,Alive,Dead,Alive,Dead,Dead,Dead,Alive,Alive,Alive,Alive,Dead,Dead,Dead,Dead,Dead,Dead,Dead,Dead,Dead,Dead,Alive,Dead,Dead,Dead,Dead,Alive,Dead,Dead,Alive,Dead,Alive,Alive,Dead,Alive,Dead,Dead,Alive,Alive,Alive,Dead,Dead,Dead,Alive,Dead,Dead,Dead,Alive,Alive,Alive,Dead,Dead,Alive,Dead,Alive,Dead,Dead,Dead,Dead,Dead,Alive,Dead,Dead,Dead,Alive,Dead,Alive,Dead,Dead,Alive,Alive,Alive,Dead,Alive,Dead,Dead,Dead,Alive,Dead,Alive,Dead,Dead,Dead,Dead,Dead,Alive,Dead,Dead,Alive,Alive,Alive,Dead,Dead,Dead,Alive,Dead,Dead,Dead,Alive,Alive,Alive,Dead,Dead,Alive,Dead,Alive,Dead,Dead,Dead,Dead,Dead,Alive,Dead,Dead,Dead,Alive,Dead,Alive,Dead,Dead,Alive,Alive,Alive,Dead,Alive,Dead,Dead,Dead,Alive,Dead,Alive,Dead,Dead,Dead,Dead,Dead,Alive
disease_type,Adenomas and Adenocarcinomas,Adenomas and Adenocarcinomas,Adenomas and Adenocarcinomas,Adenomas and Adenocarcinomas,Adenomas and Adenocarcinomas,Adenomas and Adenocarcinomas,Adenomas and Adenocarcinomas,Adenomas and Adenocarcinomas,Adenomas and Adenocarcinomas,Adenomas and Adenocarcinomas,Adenomas and Adenocarcinomas,Adenomas and Adenocarcinomas,Adenomas and Adenocarcinomas,Adenomas and Adenocarcinomas,Adenomas and Adenocarcinomas,Adenomas and Adenocarcinomas,Adenomas and Adenocarcinomas,Adenomas and Adenocarcinomas,Adenomas and Adenocarcinomas,Adenomas and Adenocarcinomas,"Cystic, Mucinous and Serous Neoplasms",Adenomas and Adenocarcinomas,"Cystic, Mucinous and Serous Neoplasms",Adenomas and Adenocarcinomas,Adenomas and Adenocarcinomas,Adenomas and Adenocarcinomas,Adenomas and Adenocarcinomas,Adenomas and Adenocarcinomas,"Cystic, Mucinous and Serous Neoplasms",Adenomas and Adenocarcinomas,Adenomas and Adenocarcinomas,Adenomas and Adenocarcinomas,Adenomas and Adenocarcinomas,Adenomas and Adenocarcinomas,Adenomas and Adenocarcinomas,Adenomas and Adenocarcinomas,Adenomas and Adenocarcinomas,Adenomas and Adenocarcinomas,"Cystic, Mucinous and Serous Neoplasms",Adenomas and Adenocarcinomas,Adenomas and Adenocarcinomas,Adenomas and Adenocarcinomas,Adenomas and Adenocarcinomas,Adenomas and Adenocarcinomas,Adenomas and Adenocarcinomas,Adenomas and Adenocarcinomas,Adenomas and Adenocarcinomas,Adenomas and Adenocarcinomas,Adenomas and Adenocarcinomas,Adenomas and Adenocarcinomas,Adenomas and Adenocarcinomas,"Cystic, Mucinous and Serous Neoplasms",Adenomas and Adenocarcinomas,Adenomas and Adenocarcinomas,Adenomas and Adenocarcinomas,Adenomas and Adenocarcinomas,Adenomas and Adenocarcinomas,Adenomas and Adenocarcinomas,Adenomas and Adenocarcinomas,Adenomas and Adenocarcinomas,Adenomas and Adenocarcinomas,Adenomas and Adenocarcinomas,Adenomas and Adenocarcinomas,Adenomas and Adenocarcinomas,Adenomas and Adenocarcinomas,Adenomas and Adenocarcinomas,Adenomas and Adenocarcinomas,Adenomas and Adenocarcinomas,Adenomas and Adenocarcinomas,Adenomas and Adenocarcinomas,Adenomas and Adenocarcinomas,Adenomas and Adenocarcinomas,Adenomas and Adenocarcinomas,Adenomas and Adenocarcinomas,Adenomas and Adenocarcinomas,Adenomas and Adenocarcinomas,Adenomas and Adenocarcinomas,"Cystic, Mucinous and Serous Neoplasms",Adenomas and Adenocarcinomas,"Cystic, Mucinous and Serous Neoplasms",Adenomas and Adenocarcinomas,Adenomas and Adenocarcinomas,Adenomas and Adenocarcinomas,Adenomas and Adenocarcinomas,Adenomas and Adenocarcinomas,"Cystic, Mucinous and Serous Neoplasms",Adenomas and Adenocarcinomas,Adenomas and Adenocarcinomas,Adenomas and Adenocarcinomas,Adenomas and Adenocarcinomas,Adenomas and Adenocarcinomas,Adenomas and Adenocarcinomas,Adenomas and Adenocarcinomas,Adenomas and Adenocarcinomas,Adenomas and Adenocarcinomas,"Cystic, Mucinous and Serous Neoplasms",Adenomas and Adenocarcinomas,Adenomas and Adenocarcinomas,Adenomas and Adenocarcinomas,Adenomas and Adenocarcinomas,Adenomas and Adenocarcinomas,Adenomas and Adenocarcinomas,Adenomas and Adenocarcinomas,Adenomas and Adenocarcinomas,Adenomas and Adenocarcinomas,Adenomas and Adenocarcinomas,Adenomas and Adenocarcinomas,Adenomas and Adenocarcinomas,"Cystic, Mucinous and Serous Neoplasms",Adenomas and Adenocarcinomas,Adenomas and Adenocarcinomas,Adenomas and Adenocarcinomas,Adenomas and Adenocarcinomas,Adenomas and Adenocarcinomas,Squamous Cell Neoplasms,Squamous Cell Neoplasms,Squamous Cell Neoplasms,Squamous Cell Neoplasms,Squamous Cell Neoplasms,Squamous Cell Neoplasms,Squamous Cell Neoplasms,Squamous Cell Neoplasms,Squamous Cell Neoplasms,Squamous Cell Neoplasms,Squamous Cell Neoplasms,Squamous Cell Neoplasms,Squamous Cell Neoplasms,Squamous Cell Neoplasms,Squamous Cell Neoplasms,Squamous Cell Neoplasms,Squamous Cell Neoplasms,Squamous Cell Neoplasms,Squamous Cell Neoplasms,Squamous Cell Neoplasms,Squamous Cell Neoplasms,Squamous Cell Neoplasms,Squamous Cell Neoplasms,Squamous Cell Neoplasms,Squamous Cell Neoplasms,Squamous Cell Neoplasms,Squamous Cell Neoplasms,Squamous Cell Neoplasms,Squamous Cell Neoplasms,Squamous Cell Neoplasms,Squamous Cell Neoplasms,Squamous Cell Neoplasms,Squamous Cell Neoplasms,Squamous Cell Neoplasms,Squamous Cell Neoplasms,Squamous Cell Neoplasms,Squamous Cell Neoplasms,Squamous Cell Neoplasms,Squamous Cell Neoplasms,Squamous Cell Neoplasms,Squamous Cell Neoplasms,Squamous Cell Neoplasms,Squamous Cell Neoplasms,Squamous Cell Neoplasms,Squamous Cell Neoplasms,Squamous Cell Neoplasms,Squamous Cell Neoplasms,Squamous Cell Neoplasms,Squamous Cell Neoplasms,Squamous Cell Neoplasms,Squamous Cell Neoplasms,Squamous Cell Neoplasms,Squamous Cell Neoplasms,Squamous Cell Neoplasms,Squamous Cell Neoplasms,Squamous Cell Neoplasms,Squamous Cell Neoplasms,Squamous Cell Neoplasms,Squamous Cell Neoplasms,Squamous Cell Neoplasms,Squamous Cell Neoplasms,Squamous Cell Neoplasms,Squamous Cell Neoplasms,Squamous Cell Neoplasms,Squamous Cell Neoplasms,Squamous Cell Neoplasms,Squamous Cell Neoplasms,Squamous Cell Neoplasms,Squamous Cell Neoplasms,Squamous Cell Neoplasms,Squamous Cell Neoplasms,Squamous Cell Neoplasms,Squamous Cell Neoplasms,Squamous Cell Neoplasms,Squamous Cell Neoplasms,Squamous Cell Neoplasms,Squamous Cell Neoplasms,Squamous Cell Neoplasms,Squamous Cell Neoplasms,Squamous Cell Neoplasms,Squamous Cell Neoplasms,Squamous Cell Neoplasms,Squamous Cell Neoplasms,Squamous Cell Neoplasms,Squamous Cell Neoplasms,Squamous Cell Neoplasms,Squamous Cell Neoplasms,Squamous Cell Neoplasms,Squamous Cell Neoplasms,Squamous Cell Neoplasms,Squamous Cell Neoplasms,Squamous Cell Neoplasms,Squamous Cell Neoplasms,Squamous Cell Neoplasms,Squamous Cell Neoplasms,Squamous Cell Neoplasms,Squamous Cell Neoplasms,Squamous Cell Neoplasms,Squamous Cell Neoplasms,Squamous Cell Neoplasms,Squamous Cell Neoplasms,Squamous Cell Neoplasms
alcohol_history,Not Reported,Not Reported,Not Reported,Not Reported,Not Reported,Not Reported,Not Reported,Not Reported,Not Reported,Not Reported,Not Reported,Not Reported,Not Reported,Not Reported,Not Reported,Not Reported,Not Reported,Not Reported,Not Reported,Not Reported,Not Reported,Not Reported,Not Reported,Not Reported,Not Reported,Not Reported,Not Reported,Not Reported,Not Reported,Not Reported,Not Reported,Not Reported,Not Reported,Not Reported,Not Reported,Not Reported,Not Reported,Not Reported,Not Reported,Not Reported,Not Reported,Not Reported,Not Reported,Not Reported,Not Reported,Not Reported,Not Reported,Not Reported,Not Reported,Not Reported,Not Reported,Not Reported,Not Reported,Not Reported,Not Reported,Not Reported,Not Reported,Not Reported,Not Reported,Not Reported,Not Reported,Not Reported,Not Reported,Not Reported,Not Reported,Not Reported,Not Reported,Not Reported,Not Reported,Not Reported,Not Reported,Not Reported,Not Reported,Not Reported,Not Reported,Not Reported,Not Reported,Not Reported,Not Reported,Not Reported,Not Reported,Not Reported,Not Reported,Not Reported,Not Reported,Not Reported,Not Reported,Not Reported,Not Reported,Not Reported,Not Reported,Not Reported,Not Reported,Not Reported,Not Reported,Not Reported,Not Reported,Not Reported,Not Reported,Not Reported,Not Reported,Not Reported,Not Reported,Not Reported,Not Reported,Not Reported,Not Reported,Not Reported,Not Reported,Not Reported,Not Reported,Not Reported,Not Reported,Not Reported,Not Reported,Not Reported,Not Reported,Not Reported,Not Reported,Not Reported,Not Reported,Not Reported,Not Reported,Not Reported,Not Reported,Not Reported,Not Reported,Not Reported,Not Reported,Not Reported,Not Reported,Not Reported,Not Reported,Not Reported,Not Reported,Not Reported,Not Reported,Not Reported,Not Reported,Not Reported,Not Reported,Not Reported,Not Reported,Not Reported,Not Reported,Not Reported,Not Reported,Not Reported,Not Reported,Not Reported,Not Reported,Not Reported,Not Reported,Not Reported,Not Reported,Not Reported,Not Reported,Not Reported,Not Reported,Not Reported,Not Reported,Not Reported,Not Reported,Not Reported,Not Reported,Not Reported,Not Reported,Not Reported,Not Reported,Not Reported,Not Reported,Not Reported,Not Reported,Not Reported,Not Reported,Not Reported,Not Reported,Not Reported,Not Reported,Not Reported,Not Reported,Not Reported,Not Reported,Not Reported,Not Reported,Not Reported,Not Reported,Not Reported,Not Reported,Not Reported,Not Reported,Not Reported,Not Reported,Not Reported,Not Reported,Not Reported,Not Reported,Not Reported,Not Reported,Not Reported,Not Reported,Not Reported,Not Reported,Not Reported,Not Reported,Not Reported,Not Reported,Not Reported,Not Reported,Not Reported,Not Reported,Not Reported,Not Reported,Not Reported,Not Reported,Not Reported
alcohol_intensity,,,,,,,,,,,,,,,,,,,,,,,,,,,,,,,,,,,,,,,,,,,,,,,,,,,,,,,,,,,,,,,,,,,,,,,,,,,,,,,,,,,,,,,,,,,,,,,,,,,,,,,,,,,,,,,,,,,,,,,,,,,,,,,,,,,,,,,,,,,,,,,,,,,,,,,,,,,,,,,,,,,,,,,,,,,,,,,,,,,,,,,,,,,,,,,,,,,,,,,,,,,,,,,,,,,,,,,,
years_smoked,63.0,,,,,30.0,,,,,30.0,47.0,,28.0,,30.0,,50.0,10.0,36.0,,4.0,31.0,45.0,64.0,30.0,,,,,,,,,,,,,,,,,,40.0,,,,,,,,,,,,32.0,,63.0,,,,,30.0,,,,,30.0,47.0,,28.0,,30.0,,50.0,10.0,36.0,,4.0,31.0,45.0,64.0,30.0,,,,,,,,,,,,,,,,,,40.0,,,,,,,,,,,,32.0,,60.0,,,10.0,15.0,33.0,,,,41.0,,,10.0,57.0,36.0,40.0,,45.0,25.0,,35.0,,,50.0,,,60.0,,17.0,38.0,,,,50.0,40.0,,,,,,,,,20.0,45.0,26.0,54.0,,,41.0,,60.0,,,10.0,15.0,33.0,,,,41.0,,,10.0,57.0,36.0,40.0,,45.0,25.0,,35.0,,,50.0,,,60.0,,17.0,38.0,,,,50.0,40.0,,,,,,,,,20.0,45.0,26.0,54.0,,,41.0,
project_id,TCGA-LUAD,TCGA-LUAD,TCGA-LUAD,TCGA-LUAD,TCGA-LUAD,TCGA-LUAD,TCGA-LUAD,TCGA-LUAD,TCGA-LUAD,TCGA-LUAD,TCGA-LUAD,TCGA-LUAD,TCGA-LUAD,TCGA-LUAD,TCGA-LUAD,TCGA-LUAD,TCGA-LUAD,TCGA-LUAD,TCGA-LUAD,TCGA-LUAD,TCGA-LUAD,TCGA-LUAD,TCGA-LUAD,TCGA-LUAD,TCGA-LUAD,TCGA-LUAD,TCGA-LUAD,TCGA-LUAD,TCGA-LUAD,TCGA-LUAD,TCGA-LUAD,TCGA-LUAD,TCGA-LUAD,TCGA-LUAD,TCGA-LUAD,TCGA-LUAD,TCGA-LUAD,TCGA-LUAD,TCGA-LUAD,TCGA-LUAD,TCGA-LUAD,TCGA-LUAD,TCGA-LUAD,TCGA-LUAD,TCGA-LUAD,TCGA-LUAD,TCGA-LUAD,TCGA-LUAD,TCGA-LUAD,TCGA-LUAD,TCGA-LUAD,TCGA-LUAD,TCGA-LUAD,TCGA-LUAD,TCGA-LUAD,TCGA-LUAD,TCGA-LUAD,TCGA-LUAD,TCGA-LUAD,TCGA-LUAD,TCGA-LUAD,TCGA-LUAD,TCGA-LUAD,TCGA-LUAD,TCGA-LUAD,TCGA-LUAD,TCGA-LUAD,TCGA-LUAD,TCGA-LUAD,TCGA-LUAD,TCGA-LUAD,TCGA-LUAD,TCGA-LUAD,TCGA-LUAD,TCGA-LUAD,TCGA-LUAD,TCGA-LUAD,TCGA-LUAD,TCGA-LUAD,TCGA-LUAD,TCGA-LUAD,TCGA-LUAD,TCGA-LUAD,TCGA-LUAD,TCGA-LUAD,TCGA-LUAD,TCGA-LUAD,TCGA-LUAD,TCGA-LUAD,TCGA-LUAD,TCGA-LUAD,TCGA-LUAD,TCGA-LUAD,TCGA-LUAD,TCGA-LUAD,TCGA-LUAD,TCGA-LUAD,TCGA-LUAD,TCGA-LUAD,TCGA-LUAD,TCGA-LUAD,TCGA-LUAD,TCGA-LUAD,TCGA-LUAD,TCGA-LUAD,TCGA-LUAD,TCGA-LUAD,TCGA-LUAD,TCGA-LUAD,TCGA-LUAD,TCGA-LUAD,TCGA-LUAD,TCGA-LUAD,TCGA-LUAD,TCGA-LUSC,TCGA-LUSC,TCGA-LUSC,TCGA-LUSC,TCGA-LUSC,TCGA-LUSC,TCGA-LUSC,TCGA-LUSC,TCGA-LUSC,TCGA-LUSC,TCGA-LUSC,TCGA-LUSC,TCGA-LUSC,TCGA-LUSC,TCGA-LUSC,TCGA-LUSC,TCGA-LUSC,TCGA-LUSC,TCGA-LUSC,TCGA-LUSC,TCGA-LUSC,TCGA-LUSC,TCGA-LUSC,TCGA-LUSC,TCGA-LUSC,TCGA-LUSC,TCGA-LUSC,TCGA-LUSC,TCGA-LUSC,TCGA-LUSC,TCGA-LUSC,TCGA-LUSC,TCGA-LUSC,TCGA-LUSC,TCGA-LUSC,TCGA-LUSC,TCGA-LUSC,TCGA-LUSC,TCGA-LUSC,TCGA-LUSC,TCGA-LUSC,TCGA-LUSC,TCGA-LUSC,TCGA-LUSC,TCGA-LUSC,TCGA-LUSC,TCGA-LUSC,TCGA-LUSC,TCGA-LUSC,TCGA-LUSC,TCGA-LUSC,TCGA-LUSC,TCGA-LUSC,TCGA-LUSC,TCGA-LUSC,TCGA-LUSC,TCGA-LUSC,TCGA-LUSC,TCGA-LUSC,TCGA-LUSC,TCGA-LUSC,TCGA-LUSC,TCGA-LUSC,TCGA-LUSC,TCGA-LUSC,TCGA-LUSC,TCGA-LUSC,TCGA-LUSC,TCGA-LUSC,TCGA-LUSC,TCGA-LUSC,TCGA-LUSC,TCGA-LUSC,TCGA-LUSC,TCGA-LUSC,TCGA-LUSC,TCGA-LUSC,TCGA-LUSC,TCGA-LUSC,TCGA-LUSC,TCGA-LUSC,TCGA-LUSC,TCGA-LUSC,TCGA-LUSC,TCGA-LUSC,TCGA-LUSC,TCGA-LUSC,TCGA-LUSC,TCGA-LUSC,TCGA-LUSC,TCGA-LUSC,TCGA-LUSC,TCGA-LUSC,TCGA-LUSC,TCGA-LUSC,TCGA-LUSC,TCGA-LUSC,TCGA-LUSC,TCGA-LUSC,TCGA-LUSC,TCGA-LUSC,TCGA-LUSC
sample_type,Solid Tissue Normal,Solid Tissue Normal,Solid Tissue Normal,Solid Tissue Normal,Solid Tissue Normal,Solid Tissue Normal,Solid Tissue Normal,Solid Tissue Normal,Solid Tissue Normal,Solid Tissue Normal,Solid Tissue Normal,Solid Tissue Normal,Solid Tissue Normal,Solid Tissue Normal,Solid Tissue Normal,Solid Tissue Normal,Solid Tissue Normal,Solid Tissue Normal,Solid Tissue Normal,Solid Tissue Normal,Solid Tissue Normal,Solid Tissue Normal,Solid Tissue Normal,Solid Tissue Normal,Solid Tissue Normal,Solid Tissue Normal,Solid Tissue Normal,Solid Tissue Normal,Solid Tissue Normal,Solid Tissue Normal,Solid Tissue Normal,Solid Tissue Normal,Solid Tissue Normal,Solid Tissue Normal,Solid Tissue Normal,Solid Tissue Normal,Solid Tissue Normal,Solid Tissue Normal,Solid Tissue Normal,Solid Tissue Normal,Solid Tissue Normal,Solid Tissue Normal,Solid Tissue Normal,Solid Tissue Normal,Solid Tissue Normal,Solid Tissue Normal,Solid Tissue Normal,Solid Tissue Normal,Solid Tissue Normal,Solid Tissue Normal,Solid Tissue Normal,Solid Tissue Normal,Solid Tissue Normal,Solid Tissue Normal,Solid Tissue Normal,Solid Tissue Normal,Solid Tissue Normal,Primary Tumor,Primary Tumor,Primary Tumor,Primary Tumor,Primary Tumor,Primary Tumor,Primary Tumor,Primary Tumor,Primary Tumor,Primary Tumor,Primary Tumor,Primary Tumor,Primary Tumor,Primary Tumor,Primary Tumor,Primary Tumor,Primary Tumor,Primary Tumor,Primary Tumor,Primary Tumor,Primary Tumor,Primary Tumor,Primary Tumor,Primary Tumor,Primary Tumor,Primary Tumor,Primary Tumor,Primary Tumor,Primary Tumor,Primary Tumor,Primary Tumor,Primary Tumor,Primary Tumor,Primary Tumor,Primary Tumor,Primary Tumor,Primary Tumor,Primary Tumor,Primary Tumor,Primary Tumor,Primary Tumor,Primary Tumor,Primary Tumor,Primary Tumor,Primary Tumor,Primary Tumor,Primary Tumor,Primary Tumor,Primary Tumor,Primary Tumor,Primary Tumor,Primary Tumor,Primary Tumor,Primary Tumor,Primary Tumor,Primary Tumor,Primary Tumor,Solid Tissue Normal,Solid Tissue Normal,Solid Tissue Normal,Solid Tissue Normal,Solid Tissue Normal,Solid Tissue Normal,Solid Tissue Normal,Solid Tissue Normal,Solid Tissue Normal,Solid Tissue Normal,Solid Tissue Normal,Solid Tissue Normal,Solid Tissue Normal,Solid Tissue Normal,Solid Tissue Normal,Solid Tissue Normal,Solid Tissue Normal,Solid Tissue Normal,Solid Tissue Normal,Solid Tissue Normal,Solid Tissue Normal,Solid Tissue Normal,Solid Tissue Normal,Solid Tissue Normal,Solid Tissue Normal,Solid Tissue Normal,Solid Tissue Normal,Solid Tissue Normal,Solid Tissue Normal,Solid Tissue Normal,Solid Tissue Normal,Solid Tissue Normal,Solid Tissue Normal,Solid Tissue Normal,Solid Tissue Normal,Solid Tissue Normal,Solid Tissue Normal,Solid Tissue Normal,Solid Tissue Normal,Solid Tissue Normal,Solid Tissue Normal,Solid Tissue Normal,Solid Tissue Normal,Solid Tissue Normal,Solid Tissue Normal,Solid Tissue Normal,Solid Tissue Normal,Solid Tissue Normal,Solid Tissue Normal,Solid Tissue Normal,Solid Tissue Normal,Primary Tumor,Primary Tumor,Primary Tumor,Primary Tumor,Primary Tumor,Primary Tumor,Primary Tumor,Primary Tumor,Primary Tumor,Primary Tumor,Primary Tumor,Primary Tumor,Primary Tumor,Primary Tumor,Primary Tumor,Primary Tumor,Primary Tumor,Primary Tumor,Primary Tumor,Primary Tumor,Primary Tumor,Primary Tumor,Primary Tumor,Primary Tumor,Primary Tumor,Primary Tumor,Primary Tumor,Primary Tumor,Primary Tumor,Primary Tumor,Primary Tumor,Primary Tumor,Primary Tumor,Primary Tumor,Primary Tumor,Primary Tumor,Primary Tumor,Primary Tumor,Primary Tumor,Primary Tumor,Primary Tumor,Primary Tumor,Primary Tumor,Primary Tumor,Primary Tumor,Primary Tumor,Primary Tumor,Primary Tumor,Primary Tumor,Primary Tumor,Primary Tumor
submitter_id,TCGA-91-6829,TCGA-91-6831,TCGA-91-6835,TCGA-91-6836,TCGA-91-6847,TCGA-91-6849,TCGA-38-4625,TCGA-38-4626,TCGA-38-4627,TCGA-38-4632,TCGA-44-2655,TCGA-44-2657,TCGA-44-2661,TCGA-44-2662,TCGA-44-2665,TCGA-44-2668,TCGA-44-3396,TCGA-44-3398,TCGA-44-5645,TCGA-44-6145,TCGA-44-6146,TCGA-44-6147,TCGA-44-6148,TCGA-44-6776,TCGA-44-6777,TCGA-44-6778,TCGA-49-4490,TCGA-49-4512,TCGA-49-6742,TCGA-49-6743,TCGA-49-6744,TCGA-49-6745,TCGA-49-6761,TCGA-50-5930,TCGA-50-5931,TCGA-50-5932,TCGA-50-5933,TCGA-50-5935,TCGA-50-5936,TCGA-50-5939,TCGA-50-6595,TCGA-55-6968,TCGA-55-6970,TCGA-55-6971,TCGA-55-6972,TCGA-55-6975,TCGA-55-6978,TCGA-55-6979,TCGA-55-6980,TCGA-55-6981,TCGA-55-6982,TCGA-55-6983,TCGA-55-6984,TCGA-55-6985,TCGA-55-6986,TCGA-73-4676,TCGA-91-6828,TCGA-91-6829,TCGA-91-6831,TCGA-91-6835,TCGA-91-6836,TCGA-91-6847,TCGA-91-6849,TCGA-38-4625,TCGA-38-4626,TCGA-38-4627,TCGA-38-4632,TCGA-44-2655,TCGA-44-2657,TCGA-44-2661,TCGA-44-2662,TCGA-44-2665,TCGA-44-2668,TCGA-44-3396,TCGA-44-3398,TCGA-44-5645,TCGA-44-6145,TCGA-44-6146,TCGA-44-6147,TCGA-44-6148,TCGA-44-6776,TCGA-44-6777,TCGA-44-6778,TCGA-49-4490,TCGA-49-4512,TCGA-49-6742,TCGA-49-6743,TCGA-49-6744,TCGA-49-6745,TCGA-49-6761,TCGA-50-5930,TCGA-50-5931,TCGA-50-5932,TCGA-50-5933,TCGA-50-5935,TCGA-50-5936,TCGA-50-5939,TCGA-50-6595,TCGA-55-6968,TCGA-55-6970,TCGA-55-6971,TCGA-55-6972,TCGA-55-6975,TCGA-55-6978,TCGA-55-6979,TCGA-55-6980,TCGA-55-6981,TCGA-55-6982,TCGA-55-6983,TCGA-55-6984,TCGA-55-6985,TCGA-55-6986,TCGA-73-4676,TCGA-91-6828,TCGA-22-4593,TCGA-22-5491,TCGA-90-6837,TCGA-90-7767,TCGA-92-7340,TCGA-33-4587,TCGA-33-6737,TCGA-34-7107,TCGA-34-8454,TCGA-39-5040,TCGA-22-4609,TCGA-43-3394,TCGA-43-5670,TCGA-43-6143,TCGA-43-6647,TCGA-43-6771,TCGA-43-6773,TCGA-43-7657,TCGA-43-7658,TCGA-22-5471,TCGA-22-5472,TCGA-22-5478,TCGA-51-4079,TCGA-22-5481,TCGA-51-4080,TCGA-51-4081,TCGA-22-5482,TCGA-56-7222,TCGA-56-7579,TCGA-56-7580,TCGA-22-5483,TCGA-56-7582,TCGA-56-7730,TCGA-56-7731,TCGA-56-7823,TCGA-56-8082,TCGA-56-8083,TCGA-56-8201,TCGA-56-8309,TCGA-56-8623,TCGA-58-8386,TCGA-22-5489,TCGA-60-2709,TCGA-77-7138,TCGA-77-7142,TCGA-77-7335,TCGA-77-7337,TCGA-77-7338,TCGA-77-8007,TCGA-77-8008,TCGA-85-7710,TCGA-22-4593,TCGA-22-5491,TCGA-90-6837,TCGA-90-7767,TCGA-92-7340,TCGA-33-4587,TCGA-33-6737,TCGA-34-7107,TCGA-34-8454,TCGA-39-5040,TCGA-22-4609,TCGA-43-3394,TCGA-43-5670,TCGA-43-6143,TCGA-43-6647,TCGA-43-6771,TCGA-43-6773,TCGA-43-7657,TCGA-43-7658,TCGA-22-5471,TCGA-22-5472,TCGA-22-5478,TCGA-51-4079,TCGA-22-5481,TCGA-51-4080,TCGA-51-4081,TCGA-22-5482,TCGA-56-7222,TCGA-56-7579,TCGA-56-7580,TCGA-22-5483,TCGA-56-7582,TCGA-56-7730,TCGA-56-7731,TCGA-56-7823,TCGA-56-8082,TCGA-56-8083,TCGA-56-8201,TCGA-56-8309,TCGA-56-8623,TCGA-58-8386,TCGA-22-5489,TCGA-60-2709,TCGA-77-7138,TCGA-77-7142,TCGA-77-7335,TCGA-77-7337,TCGA-77-7338,TCGA-77-8007,TCGA-77-8008,TCGA-85-7710
file_name,3fbc019c-2a61-48f6-9c6d-00823297ae53.htseq.counts.gz,890494a7-cfed-413e-97e9-2ccf0257d94a.htseq.counts.gz,252eeb0c-fad1-4c29-bdd8-57b511852de5.htseq.counts.gz,ef9244df-399a-4646-b777-a25766835c8d.htseq.counts.gz,6f7a250a-353a-4306-8c29-eec6582884eb.htseq.counts.gz,2391658d-7cf2-4a09-8dd5-19ea7a37dadf.htseq.counts.gz,b9010a9a-7ee9-4f57-a1d3-5bba72acb67d.htseq.counts.gz,bfcc0178-87a0-481d-b694-eb429fdfbaf4.htseq.counts.gz,d3771f3a-ebc8-4ed6-97f9-6d6003d8470a.htseq.counts.gz,9d7486ce-efb9-413f-80b1-e47971625875.htseq.counts.gz,ae538e05-955a-4e79-b42d-85ae4fdb50c4.htseq.counts.gz,557b2e70-c648-4da7-90b6-b2d844e9b6ac.htseq.counts.gz,6d158f35-9847-41fd-814e-9bb63cca955f.htseq.counts.gz,783a2365-c4a2-4db4-ab14-d52e603d8230.htseq.counts.gz,027ec9be-7e41-44df-8f61-1e5698303eac.htseq.counts.gz,cecac722-4fe4-45e5-85e9-a4ce24c567b2.htseq.counts.gz,69f590a7-8b7d-46e4-9a90-a1a3d59771f9.htseq.counts.gz,3b8a5a07-1e30-42f3-92ad-6bd4226f6c9f.htseq.counts.gz,b92498c2-6e54-4fd0-b752-18932e915381.htseq.counts.gz,cd1665ab-4599-49b1-9d3d-b106dfbf8bcc.htseq.counts.gz,36c6972a-3041-478c-a68d-702af9cc4954.htseq.counts.gz,35a20ef3-e207-45f7-9854-6b565e8f3849.htseq.counts.gz,96dcdf87-8eff-4edb-b99b-0854e5d66832.htseq.counts.gz,dfb56742-389a-4c33-992e-8b3014c882e0.htseq.counts.gz,0933e6f7-e2ac-4dc0-b34e-4a45109a28b7.htseq.counts.gz,ac5bc405-b210-4bf3-a4e6-6ff071aa59c7.htseq.counts.gz,708e035d-e38b-4969-a96e-f7c324b3f8a3.htseq.counts.gz,2b2b6341-1f6d-4acc-8a67-0ba8ab051ee8.htseq.counts.gz,1363db56-5cfb-4f87-a485-9d2978a5ad58.htseq.counts.gz,6d0cf353-e818-4173-a200-2c8dd85d49f1.htseq.counts.gz,fde67178-6278-4872-a2c4-cfa32f71fdbe.htseq.counts.gz,f204f6b8-03fb-4464-922d-de9fffeff9d5.htseq.counts.gz,d179f9d5-0b8c-459e-9f47-271b25887c3c.htseq.counts.gz,ba4cd1d6-7233-400e-9b74-11c0561193bf.htseq.counts.gz,dfbd7fa2-381f-4d52-a997-8e9ec71f760f.htseq.counts.gz,2291ce95-0573-4402-8c25-ec5a824212d9.htseq.counts.gz,562cb51b-fef8-4d61-9067-9177a2249c45.htseq.counts.gz,35a1df51-9daf-4d8b-ab87-222b8562244a.htseq.counts.gz,12c4510a-fbad-4bff-97b5-846d4da395bd.htseq.counts.gz,bc81c085-a31e-4b2d-9697-3680d9b0f132.htseq.counts.gz,c962af41-67e1-4e18-9d59-cee591ef98f9.htseq.counts.gz,e2e299f4-252f-4405-8245-2eb707337c26.htseq.counts.gz,73912113-540a-41bd-ada5-4f427592dfee.htseq.counts.gz,f4a1e772-2a5e-4c0a-803a-1bdb2b376a47.htseq.counts.gz,4e3e715c-d067-48d9-96cc-0a49c3ac611a.htseq.counts.gz,39a4a8d9-029d-46bb-8d3e-6edd0d4d1191.htseq.counts.gz,a32bbdca-c79c-49b9-bac7-8b442e4b47e0.htseq.counts.gz,adf180fd-e40c-433a-af02-9c2cfe8174bd.htseq.counts.gz,e95d6e6b-6aaf-4003-9dc6-4b464a9d1725.htseq.counts.gz,5da55f22-6bc2-4c07-88f1-6516db69deb3.htseq.counts.gz,1aeb8b9e-bf79-415d-a8dd-a63c3fbe2bab.htseq.counts.gz,52cf2038-62b5-4c57-b5b5-3f06c48a5f26.htseq.counts.gz,b580063a-0bcc-4816-b8ec-310890b995a5.htseq.counts.gz,344d2093-8816-4f3b-a38c-cfc7ae7cd6ba.htseq.counts.gz,5d259206-1431-48f8-abc3-3001bab5243d.htseq.counts.gz,fdeae242-eff2-405a-bf00-1af2a6987479.htseq.counts.gz,b2ca49c5-527d-43e0-8280-6fe8ff7b3738.htseq.counts.gz,e750282f-7315-46bb-9911-5bdac74fb1eb.htseq.counts.gz,34dfd211-d264-4904-b595-a50b36f15c36.htseq.counts.gz,69ad4bfb-b94a-4b72-986b-d6a73febd362.htseq.counts.gz,e879390d-b662-4121-8137-e35bf208edac.htseq.counts.gz,b0a26c8d-9863-4352-8abe-dde66bdb8e55.htseq.counts.gz,16c42b24-fcaf-43e2-8f52-d7488f82257b.htseq.counts.gz,df096776-c5ad-4f04-a913-02a16f33390a.htseq.counts.gz,05028ec2-a686-4965-8351-e70c6537091a.htseq.counts.gz,12e07df9-d348-41de-9b87-9da18df6934b.htseq.counts.gz,ae3d90f2-e69b-4711-8e09-368c732cdc23.htseq.counts.gz,cb537a4c-7b5c-493f-8dea-6fd0107e6c58.htseq.counts.gz,74a288d5-7bb7-414b-b422-f9a4548a8433.htseq.counts.gz,7f39b57f-556b-46b2-a67a-af86345f900a.htseq.counts.gz,057c6a18-e5f2-4eba-9c20-c483c5a67cc3.htseq.counts.gz,d31beca5-e987-4def-906a-63f68ecc5c7a.htseq.counts.gz,ab51cccb-b5df-434a-a5a4-32368ccf0b24.htseq.counts.gz,0fca0e34-1499-410a-a5a1-561406245e03.htseq.counts.gz,e3b11f64-075b-49d2-8d18-85afab1cff82.htseq.counts.gz,0b07a88f-e7c7-4fcc-8b95-6a7674c436cc.htseq.counts.gz,9c62a984-f89a-4838-af13-786468b293c1.htseq.counts.gz,dc724482-dc82-41e0-9f01-3451e5be2ae8.htseq.counts.gz,9b77c8a1-a670-4011-82d7-bc4cbab06486.htseq.counts.gz,d876380c-cad9-40e7-a627-f2fd2322509c.htseq.counts.gz,0d6ef3a0-0ac4-4898-a438-34bbbfde6341.htseq.counts.gz,5b84c002-9ca2-4188-bf22-1e0994dd3978.htseq.counts.gz,dd5e64ab-9ed8-4259-9d68-598853fa41f4.htseq.counts.gz,82cd39d8-7a0d-4ebf-adad-57b3a4e68262.htseq.counts.gz,e657cd5a-217e-45df-8203-a3f8c4907f4a.htseq.counts.gz,c763a179-e1ba-43a6-b34f-cbe73098e535.htseq.counts.gz,5f8af729-8993-4b3c-badb-aa1e3ce4e81c.htseq.counts.gz,9c21f775-3dff-43de-9a05-b25480cbe815.htseq.counts.gz,022cbd07-3e20-4144-b2ab-8c76adffae73.htseq.counts.gz,b600c271-e77b-4752-af07-08dd817ea601.htseq.counts.gz,1b503435-1ff4-4e3f-b07e-96adbe94549a.htseq.counts.gz,4cdd597f-ca43-4545-b84e-e5854c8a63c2.htseq.counts.gz,b8181936-6f76-4eec-a57a-92c4cea4f34f.htseq.counts.gz,e77ea9a5-0b4f-466a-86b3-378d756dea57.htseq.counts.gz,0bf53fc6-b8fb-4e6d-9297-4129c708f3da.htseq.counts.gz,aa5ba703-5bc5-4536-98cd-ab31520d29d7.htseq.counts.gz,b4661ac5-95c7-450e-8797-b2dbe04ad1ee.htseq.counts.gz,32f7779d-9065-4241-ad44-efe90148ac23.htseq.counts.gz,9bab6023-8adb-4257-8c2a-88ddedf4a229.htseq.counts.gz,f4eb983f-0eee-4c8a-9f72-b5382957d377.htseq.counts.gz,55d79fa7-5feb-4c1a-9572-aaac7ba5eb7e.htseq.counts.gz,6d53bf05-58d4-4633-b2da-0dd71d89ee91.htseq.counts.gz,23894b02-d2b5-4a15-a11f-cf81d9d97f53.htseq.counts.gz,12b16f45-0e5e-4c24-85b5-fd05a6482fa2.htseq.counts.gz,3d936a71-67c1-4173-82a4-12a667bcf3e9.htseq.counts.gz,3fbe693e-0d6c-4866-8b4d-2e9738c93e8d.htseq.counts.gz,7c1d57e4-ea8b-4634-8b1d-65ef201dda59.htseq.counts.gz,6ad59e49-f417-4144-9c13-51b24f66422a.htseq.counts.gz,abc09f7c-a791-4b91-9efa-b6d716811004.htseq.counts.gz,a506e085-33bc-432c-bffc-5dd858bcfb3f.htseq.counts.gz,3107533c-054e-463c-b2bc-73ba71ed133a.htseq.counts.gz,cc296619-683f-4339-ab1f-51d567fc678a.htseq.counts.gz,2d0ce6d3-9a09-46ba-9c91-bd4f3764e490.htseq.counts.gz,d5f29606-e2c0-42a9-af59-fb178fcf7201.htseq.counts.gz,f192623a-b1f4-4238-b720-a5c62bab30ab.rna_seq.augmented_star_gene_counts.tsv,357675a4-084d-4e8f-bda9-4b97b40d86ba.rna_seq.augmented_star_gene_counts.tsv,d51ed231-f18a-456c-ba58-b0f552ae4f4f.rna_seq.augmented_star_gene_counts.tsv,a3c7ca2a-4bd8-44d3-954e-d2ab818802fa.rna_seq.augmented_star_gene_counts.tsv,e5790b06-5f75-4d44-8e72-3304bf4285fd.rna_seq.augmented_star_gene_counts.tsv,e904bf9c-0004-44eb-aaa7-1928ed466a18.rna_seq.augmented_star_gene_counts.tsv,be8c147c-72e6-4178-94ee-8c7b5b8a6745.rna_seq.augmented_star_gene_counts.tsv,2830f392-1aeb-4556-9171-8eada8761cc8.rna_seq.augmented_star_gene_counts.tsv,ba5b3004-a265-40f9-a488-e67cfa4dd7ed.rna_seq.augmented_star_gene_counts.tsv,1eb9bd2a-9d0d-4dd6-8e91-8eca788861d1.rna_seq.augmented_star_gene_counts.tsv,1391394a-a310-49a6-8c2c-401fb358ea59.rna_seq.augmented_star_gene_counts.tsv,2ca30f8b-ed4e-478d-87cc-59a4e8249d94.rna_seq.augmented_star_gene_counts.tsv,85a316b8-6292-47d9-b580-07900c5236b7.rna_seq.augmented_star_gene_counts.tsv,e6e2d0cb-325f-4e90-bcd0-c6fad9f64fe7.rna_seq.augmented_star_gene_counts.tsv,c0859fd9-6d8e-4037-86d6-3f2703e480e9.rna_seq.augmented_star_gene_counts.tsv,136dad08-26b9-49c4-8419-e74dd5e3ed94.rna_seq.augmented_star_gene_counts.tsv,187da62b-d4a8-4c9e-a97e-ae5cb3a2c658.rna_seq.augmented_star_gene_counts.tsv,4c84a3bd-3b6f-4627-a4d9-acd3b9669608.rna_seq.augmented_star_gene_counts.tsv,57cbfb00-8eb6-4798-bb8c-8e217a965a27.rna_seq.augmented_star_gene_counts.tsv,0aa2c4f2-1b47-4ecb-9923-7e79471db6bb.rna_seq.augmented_star_gene_counts.tsv,32c76d04-75c3-42ae-81bc-580a52dc936a.rna_seq.augmented_star_gene_counts.tsv,2a966908-135d-4362-9590-46febb03b357.rna_seq.augmented_star_gene_counts.tsv,fb33a839-4c31-41f3-964e-fb3befcbc0cd.rna_seq.augmented_star_gene_counts.tsv,6101185d-cdcc-45a9-9e83-22a6cf70b54e.rna_seq.augmented_star_gene_counts.tsv,524c80cb-45a4-4217-b9ca-921fbbe45510.rna_seq.augmented_star_gene_counts.tsv,61434b0a-cdde-49df-a274-4add65d45215.rna_seq.augmented_star_gene_counts.tsv,55647be0-98bd-42f1-b097-3c46c11df85e.rna_seq.augmented_star_gene_counts.tsv,78145782-375d-448b-b2ac-d3ae06f3ccbc.rna_seq.augmented_star_gene_counts.tsv,132eb4a9-edb0-4bba-ba84-7a4d6f8311ab.rna_seq.augmented_star_gene_counts.tsv,f6de9301-73ce-4d49-89e2-8a8f7a681ca9.rna_seq.augmented_star_gene_counts.tsv,84ca01d7-cdd8-449c-81b2-c50d128bc54e.rna_seq.augmented_star_gene_counts.tsv,daf34c5d-1225-443c-aa31-de994f692c30.rna_seq.augmented_star_gene_counts.tsv,e7ff7af5-c049-45ed-bd64-b6f28588444a.rna_seq.augmented_star_gene_counts.tsv,712aa5d8-f348-427f-b7ba-cced0c049423.rna_seq.augmented_star_gene_counts.tsv,fe88f537-3f56-4c03-b0d6-96e7a8405e28.rna_seq.augmented_star_gene_counts.tsv,7ddcc958-f869-42c0-8924-4aa883076eb0.rna_seq.augmented_star_gene_counts.tsv,a340cd03-5ca1-4f17-9e51-171a7b12709c.rna_seq.augmented_star_gene_counts.tsv,f768c986-b04c-45fe-a0ff-6e7b0f8e4f78.rna_seq.augmented_star_gene_counts.tsv,4a97b05e-92d4-49c2-92b7-e2959bc3baf2.rna_seq.augmented_star_gene_counts.tsv,f43fedad-9563-46e0-8843-7d151a453fd0.rna_seq.augmented_star_gene_counts.tsv,4bd3c03d-fcde-414c-b2b4-06041c4070a2.rna_seq.augmented_star_gene_counts.tsv,d6659090-582f-4784-9356-97fe58fe9798.rna_seq.augmented_star_gene_counts.tsv,c041e95c-7dc7-4233-a91f-34821c98d662.rna_seq.augmented_star_gene_counts.tsv,fb5ab2bb-9c22-41cc-8955-4237f2426ee2.rna_seq.augmented_star_gene_counts.tsv,2804064e-6c91-4300-a2e6-78c3093413e0.rna_seq.augmented_star_gene_counts.tsv,01e1f9ea-c3f0-496a-ac40-264ad8bc3d9c.rna_seq.augmented_star_gene_counts.tsv,2869263a-7623-465c-a66e-56b87d746ea5.rna_seq.augmented_star_gene_counts.tsv,e3d18b63-d8ae-429c-b1ea-a5c55259adea.rna_seq.augmented_star_gene_counts.tsv,d84f0063-4608-4d54-bd62-b49918c9ce81.rna_seq.augmented_star_gene_counts.tsv,dfd3b8d9-0860-4eed-869c-e9eaea60ebad.rna_seq.augmented_star_gene_counts.tsv,485906fe-e6d7-43ec-8ff6-d2dfab544d28.rna_seq.augmented_star_gene_counts.tsv,1ca4850a-5354-47ac-8f9b-a7b774c96217.rna_seq.augmented_star_gene_counts.tsv,399ad5f4-8c56-4de9-82ec-bcddc45700b3.rna_seq.augmented_star_gene_counts.tsv,fb202ad6-ab00-453e-bc4e-bdc96965995e.rna_seq.augmented_star_gene_counts.tsv,64499b79-1354-4277-9142-40f388fa6e92.rna_seq.augmented_star_gene_counts.tsv,f6091416-01d7-45d0-9bec-2a84cfdcc413.rna_seq.augmented_star_gene_counts.tsv,4848c180-254b-4b08-977d-872aabfaee29.rna_seq.augmented_star_gene_counts.tsv,6cc2062d-6c21-4bf6-b2e1-cd8e2aa71235.rna_seq.augmented_star_gene_counts.tsv,c1d52374-fc57-4ffe-85df-8352ed9c736e.rna_seq.augmented_star_gene_counts.tsv,e83faec0-340e-4d7a-b56f-dfe285e6b794.rna_seq.augmented_star_gene_counts.tsv,8eabe76e-2392-4796-9c4d-a69f5514ec99.rna_seq.augmented_star_gene_counts.tsv,eb23a0d5-3a04-4cc8-aca2-448e72a8360a.rna_seq.augmented_star_gene_counts.tsv,61192f9b-94eb-49f4-b2b5-eafe75092930.rna_seq.augmented_star_gene_counts.tsv,ecee2642-e793-457d-a325-320a785c917c.rna_seq.augmented_star_gene_counts.tsv,3953b63a-1a63-4e97-b683-ae905b55e03e.rna_seq.augmented_star_gene_counts.tsv,b9184c47-1ce0-42d6-bd30-702c960d2fe0.rna_seq.augmented_star_gene_counts.tsv,de204810-46e9-487e-8163-3103bc7d1544.rna_seq.augmented_star_gene_counts.tsv,2c18ce3b-cd22-4d25-b643-f98768ffa41a.rna_seq.augmented_star_gene_counts.tsv,6df80c92-775e-4bcf-b2c7-6cbd7e147447.rna_seq.augmented_star_gene_counts.tsv,547d5d18-2066-48d0-bc08-4d356016567c.rna_seq.augmented_star_gene_counts.tsv,c3f12570-a4ac-4222-9cba-e768ad282eaa.rna_seq.augmented_star_gene_counts.tsv,3b9e1cd6-7b59-4a05-a896-9789b317741c.rna_seq.augmented_star_gene_counts.tsv,b0a121e1-c084-43e0-89b6-0cf037d5aba1.rna_seq.augmented_star_gene_counts.tsv,9dfda51c-2256-4c04-a47c-62a04c670a7f.rna_seq.augmented_star_gene_counts.tsv,0d3d4e7f-e9d6-4113-b21e-8811f8f53d55.rna_seq.augmented_star_gene_counts.tsv,297c207e-88aa-4c14-a513-b7b3f36a9776.rna_seq.augmented_star_gene_counts.tsv,5a51e3af-4eb9-474c-8c47-08dd8c178c06.rna_seq.augmented_star_gene_counts.tsv,ac006ae3-d1c7-47fd-950a-6eee9f72ad66.rna_seq.augmented_star_gene_counts.tsv,084a06de-7229-43c3-b2de-95ad57768010.rna_seq.augmented_star_gene_counts.tsv,843d3266-d3bf-4193-b2cc-1146dffd81a2.rna_seq.augmented_star_gene_counts.tsv,58bd16cc-d999-4d09-9205-82cc216a0d88.rna_seq.augmented_star_gene_counts.tsv,fddd9f63-f4af-46b9-9627-f69fcff845ed.rna_seq.augmented_star_gene_counts.tsv,26e083d8-9d89-440c-a98e-22ce75265eff.rna_seq.augmented_star_gene_counts.tsv,c21f3274-ab6e-4272-98db-4d60c1f7c2a6.rna_seq.augmented_star_gene_counts.tsv,688efbed-388c-4af2-886a-222bb100ea28.rna_seq.augmented_star_gene_counts.tsv,d13be6e3-c9a9-4ff9-b5fa-6f2aac42dbce.rna_seq.augmented_star_gene_counts.tsv,e10d1f94-3583-4f6a-bc39-0c96bd0f6d8c.rna_seq.augmented_star_gene_counts.tsv,0416296d-5a48-4405-b93b-32190182f308.rna_seq.augmented_star_gene_counts.tsv,a7f3bb2c-c9ee-45be-b507-b1bd20bfb1e6.rna_seq.augmented_star_gene_counts.tsv,1da7fef0-2c51-4851-8e8a-b726a35c2d7a.rna_seq.augmented_star_gene_counts.tsv,221c0abc-cf42-48ce-aabd-6aa0f84bcf30.rna_seq.augmented_star_gene_counts.tsv,c16c7ee3-9527-485c-83da-91d4a773ccaf.rna_seq.augmented_star_gene_counts.tsv,cd708e1f-f522-4736-9350-3d0a5b0cd4fb.rna_seq.augmented_star_gene_counts.tsv,cabdc79a-8efe-4ddc-a256-854f9265bcda.rna_seq.augmented_star_gene_counts.tsv,6b4f8e00-03a3-4f9f-b1ef-435b0417d665.rna_seq.augmented_star_gene_counts.tsv,03f9c75a-109a-4d53-b448-5fa5f294ce90.rna_seq.augmented_star_gene_counts.tsv,7e4e1851-367d-4517-bac5-d24d23397b2d.rna_seq.augmented_star_gene_counts.tsv,410424bd-6229-4e58-b21e-e904b35900ff.rna_seq.augmented_star_gene_counts.tsv,b8e5af13-32e2-4f23-8ca5-78ffd5e20ef8.rna_seq.augmented_star_gene_counts.tsv,37b663a6-c5a4-4a4f-b082-ddb5d1c0caeb.rna_seq.augmented_star_gene_counts.tsv,3d6190d3-a73e-4682-a06f-368b657176c6.rna_seq.augmented_star_gene_counts.tsv,d86d19a8-0368-4fd1-a8b1-2e793606315e.rna_seq.augmented_star_gene_counts.tsv
id,6128062b-57a9-42dc-9a4a-c95b48103736,21f2e1df-9797-4d33-ab48-34d4b53c25d8,8718d1dc-a543-414e-b2b0-36f3110408d1,831ca509-b561-4bf0-a536-2749afe66422,ae3f50ff-c20b-4d89-acab-d994b4ec3562,66cb1ab2-787a-436e-9826-90211a052dee,09b4d8e9-c0c7-478f-b6dc-e6552f38a67f,3d169b9c-60d2-4a42-974a-051946d0ee03,90136c58-605a-404f-8b1e-162b42488974,706514bc-d7ab-4b10-b140-56616b2b0bd3,5e856178-7b94-4999-9e16-3f72af4fad2b,0953ce77-71fe-4942-96be-27658135bbd8,e226bb40-09aa-4f68-ac77-ab292ef34feb,6ce37153-d523-437a-ac96-c098a0c9eb60,04bdcd2b-6dde-4c5a-a0cc-31941f3fe3dd,f71781db-e0dc-41d6-beb4-5efe81447a29,9cd9f2a1-ae09-4c5e-a832-e3c77034443b,c850a269-deeb-4e5b-96fb-e4436357cfe8,fe4fc0e0-4068-449f-96b1-5b23861dd652,a3eec6fd-74e2-4683-8d54-e72e628fabf6,687e2c81-ce43-4df9-a238-ed84661ff0c4,03b4cdde-2bbf-478d-b751-8fb592e99667,645ad7f9-dc9a-43e8-a677-5339150b849f,2bee31d3-c2d7-4ae7-b246-c82dd6eee91f,39c77c25-a12e-4067-a021-02dca041fa49,5c3526dd-343b-452b-bd79-876af18dbbc9,c425fe06-a1c3-4b2c-a09e-4f2981770196,9b4b5fb6-e021-48aa-a9eb-ef3a40fa9b76,4b1bfa22-7b9a-4726-a92d-092c0a8e7afa,bcc3ca87-4c57-439c-8582-c00c0d98ea9e,c56b4ece-fc5c-4c53-a4f1-477537b33c8a,26748992-7910-4a84-bfbd-9dbd7c28145a,a9a74c2f-e641-4235-96bb-05a10646275d,b5c7017d-e865-4448-aab2-7db96d34ad0f,e2042175-b2ed-44d4-b143-e79ffe26afef,1259fc1b-7fc8-4da6-97f8-9db96f5cd1bc,4f222653-52ea-4adc-975d-b181a2889525,0268d740-37f4-48ad-a9a6-0fad12d26d8e,c633478b-7197-4321-b8ab-494ce94d821f,214a3018-5f2f-4340-bde2-7f893b84e573,e00d3b16-35f7-4f78-8691-a96344318212,fbd13693-6d1a-4e73-a2ae-8d9630ddf688,6c9d7d9a-035a-4241-9a5b-f553e57bdbfa,c6d6fa71-848e-4bda-8b11-2f1c1cd5e46d,80514b4b-da7a-455d-bc0d-8a3a1b7afaeb,9a721d29-4649-4098-bd37-72863a36a15f,10140ed6-2634-46e7-9e8d-7912a8ba794b,bf77a97a-fb11-492d-b7d6-119f16b6b6c0,2f0a9ef5-b2f4-4d26-b393-fb41e6787a03,b8db3596-831c-42e2-bb9d-ce13de5b2c9a,64c6bb02-e3d5-4762-883a-c041097c6f94,710d7a49-c41b-43ed-8deb-0bda0c1e1653,dc02de08-0bd3-479b-8db7-bf5735d3b320,fbfa116d-eea9-424a-90e3-725a3b8b3d0a,49b68318-2d19-45b4-abe9-7784cf1b7b07,75b2c8cb-edf2-4193-ad19-c818b2793c0b,cbd48108-afce-4f8e-ab33-db9d567834d3,782c15f6-580e-42be-91f3-f6458a17d6b0,f4f8a40c-ba39-4318-9c7a-b50bea64d98a,90c51069-913b-40b7-aa49-87d7c83f8da0,c7dbb413-1f2c-472e-8158-6bd6fd69a77a,e56f6e88-dfd5-4074-9235-7a9a843fe7ae,7ed5c3fe-5e5b-45ed-b873-5c333f641422,fbe4e6f8-22e7-493e-8573-a8c32e9a2c8e,6e554967-0f58-4eea-aefc-c27118a053a6,632fff55-afd0-4885-a594-e8a4a2828b5e,c787b215-c402-429d-a484-d9678ec2fcff,9fd2c7b5-c166-442f-bace-fcc97604d7bc,1344f507-e11a-4eab-80f2-82e20a4e8ede,b854dcef-2d6a-407c-8df2-4a01dcf612e1,5fc8a44b-df8d-4ac0-b6ee-3d3ffc26f395,a314ea2c-5bc0-4b07-b4c8-9fcafd9acaa8,ad6b4f3c-6370-47b2-8c49-b274d91ff618,9bb510ea-af13-42fb-93a1-dba0da1e6f3b,fb34698a-954b-4f8b-ab71-93818142eb61,a4de9081-57bf-410c-8db5-bd9a2060abb0,00e3c529-4162-4d0e-9d97-ec806a40e345,e5ac41ab-4977-4114-a8e7-c93499a7fa1b,75d88105-fa3f-4b7a-8c6c-005dba41b1b4,031e2bfe-03f2-4e9b-b586-73746c5e29cf,e22a649f-96d1-4f59-b0c8-1cd342cfee22,3869800d-4625-437a-a78a-d9d86fe1a33f,f15fbbf3-c67e-4e93-8ca9-c26a77a2e3fe,e06229fb-1a32-4636-b191-837797540806,6f42c71f-4f7f-4465-a98e-a3e0eaeb7950,6dc80d55-8af8-453d-a695-358a64fcfe37,389a2ad9-e97b-4875-8268-277646d6c578,2c76067c-f690-4d7c-b5fd-69b9facb0d21,43318e69-4aa1-4f76-ba79-658a3a04fe87,b5569562-7bd4-4220-9a08-ca32e963754d,14f333d4-e0ca-4205-977f-5f878d27a245,800ae507-ede3-4a23-a8b0-ad96ac7be953,b4a7593d-780a-4fa2-9d75-532a6b9ff129,d9b960cf-468d-4885-a7a0-e390717a68d9,9117a026-aa52-4e30-8a12-2f390b27c5b0,f1e069a3-1c8e-4293-ae70-acfe52f64c5d,0b3ff64c-21f4-4bb5-8751-e9ae1637c1a4,59fbdda7-7cd1-44e3-8b18-736e6e3898b2,ca57a7b9-b3f4-4174-acf4-0af44e52233c,088ff77c-c639-444f-a925-0757cb97d189,ab93f0f6-d381-46ae-9330-b5c20e4abcc5,7f1ddd77-50ac-4595-a104-fdbbaed434dc,16717c82-a763-4fa2-8621-3fa445c3e32a,b5206dc2-c8ea-4b06-869c-ea0663e43afa,496d1828-9028-45f1-8e60-0ff5a741da46,916f8b6b-aed8-4b59-b732-d69c6de026fa,b418bbe2-aa91-4b09-b5d4-516c781a368d,ecd9091a-4d46-4a74-ada2-24c4b2e64526,43bc7438-a594-4913-92c4-91d0a9bacb0d,b65c6b1a-01ca-4fe2-8ba7-e9db8447a81a,a085eaf7-b0af-4c76-bdd3-7ab187ea0989,f5cbece4-ef6e-4c40-a7bf-a82b4ca2d026,c1d3cd9f-f856-49ef-9db0-39e619095e95,323d5524-de9e-4fbc-81a0-f480e4bcad78,b43ead60-cb91-489a-88f1-169086a28ed9,be7b80c8-2256-4725-a330-7435742aa309,b77287b2-6fef-4978-a682-ccf09f1e781a,ef229777-5389-4bc3-a2cd-f885d7b5f3b8,28e41191-6834-4284-b960-d898ad7b3a99,14e565dd-f3cd-4d99-9d11-d7b9b5165ea1,52a4b995-1a94-4d89-9ff5-ca22b658c6d4,4fa865be-49fe-48f8-9e87-e09168572af4,6359ce06-e708-45bb-9305-6780635d17be,0cd79b1c-d9c2-4aee-8976-7174cdececae,17d01bba-1ae8-4205-ae80-2db88489fa84,4c994cf9-52d0-4c05-97c0-fd2d3ffb9100,bdd8f5e2-1b65-4c8d-8527-88b892cbb8fe,ce53fd27-c9f6-4e0f-87ad-4a596e5a2cd8,bbd90b7b-3f75-463a-8ae6-1896cfa6e7d7,132e38da-ca1b-4fc5-a462-f1eab6fd2e6e,f47f1b37-e4a3-4f87-97c5-251ec084cdd9,c67f194f-0c71-4835-801c-5b6da7a583ef,6b95a5c7-0b98-4f90-a8b2-22490d2cc0ce,afcab3fd-65b3-463a-86c7-ca84d580db00,fc8ef0dc-9a48-4eba-aeb6-9eec106739ca,f822b8ac-5682-4ae1-8250-9f204fa540ea,7ffac92b-a35c-4283-882c-806a2e28a963,cc8fe981-25f1-4b07-a931-7ad2a352d2d8,63853c66-8004-4205-8c0c-9b92d02f7ea1,c5922138-4e15-4546-b8a2-8cec6917262d,bbf261ac-5cb3-425e-b12a-b236aafde297,d1f98c65-fd27-4893-a5c5-bc0bfe16ac5f,7ccc40b9-a636-407f-928b-1522061f5acf,bfd852d9-9d72-4a3b-8ef3-e1435ef376fb,d6612221-f6c7-4adb-8402-7df979b35e03,d9431251-cfae-44c2-a428-d80b96d58742,4a5f6af0-e0d1-4657-9bdc-85eb6c31ffbb,b502b174-162a-49ea-ac55-5ec9a15aeaa6,868f6883-6e7b-4565-ae15-813e282d8635,915f5f6d-b66b-4ffd-a095-a6bb60387d2f,736d8419-1f66-49d6-83c7-e37b2fbff267,420632d5-48e3-45f1-8480-3ec4d381ea55,d29660d3-b3f7-4186-8c71-bebbabee600a,e6fbcebb-6fe9-4b0e-aa82-cf42e72b8785,550ec5d4-6618-4882-a783-be48163b6c30,98aaf3db-54ac-4bb9-bd0b-1ba897f7b389,3ceaa569-c317-4e2f-a8e5-77db311e6032,46211d46-b4da-43ed-8b36-abbed4f4f27e,2ee0c587-0e64-4d06-8e16-5dc009175c54,136ceaee-2156-4f8a-9fb8-250018e9498d,23a2176b-1fa3-4360-ab55-5683b4de2184,944adc4b-049d-4bce-90a0-d1b18a2d1e5e,d532537c-a2dd-41c1-ac55-1eb15ac1245e,ecfc7942-e9ba-44ca-a219-9ba06b28b570,f36f6f42-60d3-49ea-8397-5a9663c54671,02cea26c-3987-41a8-b040-d6a72fc7a220,6661360a-3532-4876-a994-580d1bba454e,e67aefdf-0c86-4390-aee1-2774d24c6cd1,1a80f876-7306-4068-998a-3f32849173ca,6590155e-5fe1-460a-8ed3-a4d8516d55b2,3b850000-76d1-4070-8bed-52add20750d0,00bc0fe4-481a-4893-b57e-d5113a6bcce2,c7806e11-290c-49e1-90ef-75941b441fce,6602a055-2305-48a2-9c54-8a29778c5644,7c59b296-82f3-4bd4-978b-5cae1cbef1e8,7d1231c0-6ff0-4ef0-98a3-3b77ed9298bc,a2541c72-d02f-4acb-8d35-537080c94ea8,056fd446-19f7-4d9f-975b-ca8d2c2e944a,2f558b20-191a-4773-84f0-e8e61cef283b,3c9482b7-95fe-40b3-b535-4b92af0a5303,61281e25-4a72-4567-b7d1-4ab5ce586235,cfcbccac-2ccf-4b0c-b228-19bf5c21d2e1,4236170e-67b4-4bd7-badd-4fcba557d0e3,33ff6f1e-2bf3-4238-a329-f84cb9c28583,7a9de79e-7eaf-41f3-b7fd-bd59cbf64443,c10c6664-2b6f-4486-ae42-d754656c2538,6896f254-0a80-40de-a674-02685d335151,303615a1-9807-4992-866e-ec93e2ea8ce6,7d639694-3492-4502-ba23-69655f31f7e6,13a1c368-a939-4c81-bb51-8ae31da5ba14,da5d8d97-8144-480d-808e-6a8108738229,342ae6d9-d9b9-4458-8c39-19faf0c7aeac,f1478f8b-01d7-42a4-853f-d27bf3199cd6,0827512b-4fd5-405e-ba15-fb69ee8fddba,f60cd94a-dd5f-4cbb-86e9-c5c97713fd04,1c31bd56-1ce8-4276-a063-064c6d74033a,0614c3dd-673e-4dd4-9c5b-4311176b34d1,65f6be62-f7a5-4251-9937-0f46a424822f,e851fcff-9594-4b7f-8806-d182fee09e0f,4bf7a91f-c267-470c-9df1-084aa8637ffe,d1b72b3b-df9d-49b5-a2f2-b59f283b8735,d849e09d-3614-435d-b257-8a895c0249ba,61972b59-3834-4f86-b340-ee15b1a530ee,b246f559-0026-4ca2-97af-2a783e6609c3,cf282dd2-fc71-41e4-a22d-87ea9de78b71,c2cdff0a-7852-47e3-b222-c51289e9d305,18f7582b-048d-4ba2-8035-0a033435b24d,0b91d17d-de8c-495e-b094-e571111b1e03,b7e3f944-1ed2-4d04-a2dc-bf6ff06b5db7,6c254294-98e1-4df0-ae22-0c678095473c,10cdb0af-b041-41fa-820e-8464a05cb20d,f19f38a0-9e3b-4d6d-be42-62671c5a7f63,af5402f0-30d1-4fab-9d41-3b25bc28fc20,86d50377-58c8-4653-8e0b-2fa840c10a3e,1b4d3f57-64ce-4b42-b1e9-9704a1a658fa,bfbe5707-5610-46af-97cd-3fd43dc492de
case,N,N,N,N,N,N,N,N,N,N,N,N,N,N,N,N,N,N,N,N,N,N,N,N,N,N,N,N,N,N,N,N,N,N,N,N,N,N,N,N,N,N,N,N,N,N,N,N,N,N,N,N,N,N,N,N,N,T,T,T,T,T,T,T,T,T,T,T,T,T,T,T,T,T,T,T,T,T,T,T,T,T,T,T,T,T,T,T,T,T,T,T,T,T,T,T,T,T,T,T,T,T,T,T,T,T,T,T,T,T,T,T,T,T,N,N,N,N,N,N,N,N,N,N,N,N,N,N,N,N,N,N,N,N,N,N,N,N,N,N,N,N,N,N,N,N,N,N,N,N,N,N,N,N,N,N,N,N,N,N,N,N,N,N,N,T,T,T,T,T,T,T,T,T,T,T,T,T,T,T,T,T,T,T,T,T,T,T,T,T,T,T,T,T,T,T,T,T,T,T,T,T,T,T,T,T,T,T,T,T,T,T,T,T,T,T
